{
  "Price-CAT": {
    "Rates": [
      0.067666, 
      0.092752, 
      0.127137, 
      0.17427, 
      0.238877, 
      0.327434, 
      0.448823, 
      0.615213, 
      0.843288, 
      1.155916, 
      1.584444, 
      2.171838, 
      2.976994, 
      4.080641, 
      5.59344, 
      7.667071, 
      10.509451, 
      14.405574, 
      19.746088, 
      27.066469
    ], 
    "SiteCategories": [
      9, 
      9, 
      9, 
      10, 
      10, 
      9, 
      10, 
      9, 
      10, 
      8, 
      9, 
      8, 
      8, 
      8, 
      9, 
      8, 
      8, 
      11, 
      10, 
      8, 
      8, 
      8, 
      8, 
      8, 
      8, 
      8, 
      8, 
      10, 
      10, 
      11, 
      8, 
      10, 
      10, 
      10, 
      8, 
      8, 
      9, 
      10, 
      8, 
      8, 
      10, 
      9, 
      8, 
      9, 
      11, 
      9, 
      8, 
      8, 
      12, 
      8, 
      9, 
      9, 
      9, 
      9, 
      9, 
      8, 
      11, 
      9, 
      9, 
      9, 
      9, 
      8, 
      9, 
      8, 
      8, 
      8, 
      8, 
      8, 
      8, 
      8, 
      8, 
      8, 
      8, 
      8, 
      8, 
      9, 
      10, 
      9, 
      8, 
      11, 
      12, 
      13, 
      13, 
      13, 
      13, 
      13, 
      11, 
      12, 
      13, 
      14, 
      13, 
      13, 
      13, 
      13, 
      13, 
      14, 
      13, 
      14, 
      14, 
      13, 
      13, 
      11, 
      11, 
      10, 
      9, 
      9, 
      9, 
      11, 
      12, 
      12, 
      13, 
      13, 
      14, 
      12, 
      14, 
      14, 
      13, 
      13, 
      13, 
      13, 
      12, 
      13, 
      14, 
      13, 
      13, 
      12, 
      13, 
      13, 
      14, 
      13, 
      12, 
      12, 
      11, 
      11, 
      8, 
      8, 
      10, 
      8, 
      8, 
      8, 
      8, 
      11, 
      8, 
      9, 
      10, 
      8, 
      8, 
      8, 
      8, 
      8, 
      8, 
      8, 
      8, 
      8, 
      9, 
      10, 
      9, 
      10, 
      8, 
      11, 
      8, 
      8, 
      13, 
      8, 
      8, 
      10, 
      9, 
      8, 
      8, 
      8, 
      8, 
      10, 
      13, 
      9, 
      13, 
      12, 
      9, 
      8, 
      13, 
      12, 
      10, 
      8, 
      8, 
      10, 
      8, 
      10, 
      8, 
      9, 
      8, 
      9, 
      12, 
      11, 
      8, 
      8, 
      8, 
      8, 
      8, 
      8, 
      8, 
      9, 
      10, 
      13, 
      9, 
      8, 
      8, 
      8, 
      8, 
      8, 
      8, 
      8, 
      8, 
      8, 
      8, 
      12, 
      8, 
      8, 
      8, 
      10, 
      12, 
      12, 
      12, 
      11, 
      13, 
      12, 
      13, 
      13, 
      13, 
      13, 
      10, 
      12, 
      8, 
      11, 
      9, 
      10, 
      13, 
      13, 
      13, 
      13, 
      13, 
      14, 
      12, 
      13, 
      13, 
      8, 
      14, 
      8, 
      8, 
      8, 
      8, 
      10, 
      12, 
      8, 
      8, 
      13, 
      10, 
      11, 
      9, 
      9, 
      9, 
      9, 
      10, 
      10, 
      13, 
      12, 
      10, 
      8, 
      8, 
      12, 
      8, 
      9, 
      12, 
      8, 
      9, 
      12, 
      12, 
      13, 
      10, 
      8, 
      8, 
      8, 
      8, 
      11, 
      13, 
      8, 
      10, 
      12, 
      10, 
      11, 
      10, 
      11, 
      11, 
      8, 
      10, 
      8, 
      8, 
      9, 
      8, 
      8, 
      10, 
      9, 
      8, 
      12, 
      8, 
      9, 
      9, 
      8, 
      8, 
      8, 
      12, 
      13, 
      10, 
      8, 
      8, 
      8, 
      8, 
      13, 
      8, 
      8, 
      8, 
      13, 
      12, 
      8, 
      8, 
      9, 
      8, 
      9, 
      9, 
      10, 
      10, 
      9, 
      9, 
      14, 
      9, 
      10, 
      8, 
      8, 
      8, 
      11, 
      8, 
      11, 
      8, 
      8, 
      8, 
      8, 
      9, 
      8, 
      9, 
      11, 
      9, 
      8, 
      8, 
      8, 
      8, 
      8, 
      8, 
      10, 
      11, 
      8, 
      10, 
      8, 
      9, 
      8, 
      10, 
      8, 
      8, 
      9, 
      8, 
      8, 
      8, 
      10, 
      8, 
      8, 
      9, 
      8, 
      11, 
      8, 
      8, 
      8, 
      8, 
      8, 
      8, 
      8, 
      8, 
      8, 
      8, 
      8, 
      8, 
      12, 
      8, 
      8, 
      8, 
      10, 
      8, 
      9, 
      8, 
      8, 
      9, 
      8, 
      8, 
      8, 
      8, 
      8, 
      8, 
      8, 
      8, 
      8, 
      8, 
      8, 
      8, 
      8, 
      8, 
      8, 
      8, 
      8, 
      9, 
      8, 
      8, 
      8, 
      8, 
      8, 
      8, 
      10, 
      8, 
      8, 
      10, 
      8, 
      8, 
      8, 
      8, 
      8, 
      8, 
      8, 
      8, 
      11, 
      8, 
      8, 
      13, 
      8, 
      8, 
      8, 
      11, 
      8, 
      8, 
      8, 
      8, 
      8, 
      8, 
      10, 
      8, 
      10, 
      8, 
      10, 
      8, 
      10, 
      10, 
      8, 
      8, 
      8, 
      8, 
      8, 
      8, 
      10, 
      9, 
      11, 
      8, 
      10, 
      8, 
      10, 
      10, 
      8, 
      8, 
      8, 
      8, 
      12, 
      10, 
      8, 
      8, 
      8, 
      8, 
      9, 
      9, 
      9, 
      8, 
      12, 
      8, 
      10, 
      8, 
      8, 
      8, 
      8, 
      8, 
      12, 
      10, 
      9, 
      8, 
      8, 
      10, 
      8, 
      9, 
      10, 
      10, 
      10, 
      12, 
      11, 
      10, 
      8, 
      8, 
      9, 
      8, 
      8, 
      8, 
      12, 
      12, 
      13, 
      13, 
      13, 
      12, 
      12, 
      12, 
      9, 
      10, 
      9, 
      10, 
      9, 
      10, 
      9, 
      11, 
      11, 
      11, 
      12, 
      9, 
      13, 
      12, 
      13, 
      13, 
      13, 
      13, 
      12, 
      9, 
      10, 
      8, 
      8, 
      8, 
      10, 
      8, 
      8, 
      10, 
      11, 
      12, 
      10, 
      10, 
      11, 
      11, 
      8, 
      10, 
      10, 
      8, 
      8, 
      8, 
      10, 
      10, 
      10, 
      8, 
      8, 
      8, 
      8, 
      8, 
      8, 
      8, 
      8, 
      8, 
      10, 
      8, 
      8, 
      8, 
      8, 
      8, 
      8, 
      8, 
      8, 
      8, 
      8, 
      8, 
      8, 
      8, 
      8, 
      8, 
      8, 
      8, 
      8, 
      8, 
      8, 
      8, 
      8, 
      8, 
      8, 
      9, 
      8, 
      8, 
      8, 
      9, 
      10, 
      8, 
      8, 
      9, 
      8, 
      8, 
      8, 
      8, 
      8, 
      8, 
      11, 
      9, 
      9, 
      8, 
      8, 
      8, 
      8, 
      9, 
      8, 
      9, 
      8, 
      8, 
      9, 
      8, 
      8, 
      8, 
      8, 
      8, 
      8, 
      8, 
      8, 
      8, 
      8, 
      8, 
      10, 
      8, 
      10, 
      11, 
      10, 
      8, 
      8, 
      8, 
      10, 
      8, 
      8, 
      8, 
      8, 
      10, 
      11, 
      12, 
      12, 
      11, 
      8, 
      8, 
      11, 
      8, 
      8, 
      8, 
      9, 
      10, 
      8, 
      8, 
      8, 
      8, 
      8, 
      9, 
      8, 
      8, 
      11, 
      8, 
      8, 
      10, 
      9, 
      10, 
      8, 
      8, 
      8, 
      8, 
      12, 
      8, 
      8, 
      8, 
      8, 
      10, 
      13, 
      11, 
      8, 
      9, 
      8, 
      12, 
      11, 
      8, 
      8, 
      8, 
      8, 
      9, 
      11, 
      8, 
      8, 
      9, 
      8, 
      8, 
      10, 
      8, 
      10, 
      13, 
      9, 
      12, 
      12, 
      11, 
      8, 
      8, 
      8, 
      8, 
      8, 
      8, 
      8, 
      11, 
      9, 
      10, 
      10, 
      10, 
      8, 
      8, 
      8, 
      10, 
      9, 
      8, 
      10, 
      12, 
      9, 
