{
  "empirical_frequencies": true,
  "datatype": "DNA", 
  "subs_model": "GTR", 
  "program": "PhyML v3.0_360-500M", 
  "ras_model": "gamma", 
  "gamma": {
    "alpha": 0.44800000000000001, 
    "n_cats": 4
  }, 
  "subs_rates": {
    "ac": 1.13747, 
    "gt": 1.0, 
    "ag": 5.4064199999999998, 
    "cg": 2.5769700000000002, 
    "at": 7.0994400000000004, 
    "ct": 6.9092900000000004
  }
}
