{
  "empirical_frequencies": true,
  "datatype": "DNA", 
  "subs_model": "GTR", 
  "program": "RAxML version 7.2.6", 
  "ras_model": "gamma", 
  "gamma": {
    "alpha": 0.54468399999999995, 
    "n_cats": 4
  }, 
  "subs_rates": {
    "ac": 0.723082, 
    "gt": 1.0, 
    "ag": 1.779172, 
    "cg": 0.81035199999999996, 
    "at": 1.2083870000000001, 
    "ct": 3.4005359999999998
  }
}
